<?xml version="1.0" encoding="utf-8"?>
<DefPackage-RemoteExplosives.TraderStockInjectorDef>

  <RemoteExplosives.TraderStockInjectorDef>
    <defName>BulkGoods_inject</defName>
    <traderDef>Orbital_Misc_BulkGoods</traderDef>
    <stockGenerators>
	<!-- mining -->
      <li Class="StockGenerator_SingleDef">
        <thingDef>MiningExplosiveComponent</thingDef>
        <countRange>
          <min>3</min>
          <max>12</max>
        </countRange>
      </li>
    </stockGenerators>
  </RemoteExplosives.TraderStockInjectorDef>
  
  <RemoteExplosives.TraderStockInjectorDef>
    <defName>BulkCaravan_inject</defName>
    <traderDef>Caravan_Outlander_BulkGoods</traderDef>
    <stockGenerators>
      <li Class="StockGenerator_SingleDef">
        <thingDef>MiningExplosiveComponent</thingDef>
        <countRange>
          <min>2</min>
          <max>4</max>
        </countRange>
      </li>
    </stockGenerators>
  </RemoteExplosives.TraderStockInjectorDef>

  <RemoteExplosives.TraderStockInjectorDef>
    <defName>CombatSupplier_inject</defName>
    <traderDef>Orbital_Misc_CombatSupplier</traderDef>
    <stockGenerators>
	<!-- combat -->
	<li Class="StockGenerator_SingleDef">
        <thingDef>RemoteBomb</thingDef>
        <countRange>
          <min>5</min>
          <max>15</max>
        </countRange>
      </li>
	<li Class="StockGenerator_SingleDef">
		<thingDef>RemoteFireBomb</thingDef>
		<countRange>
		  <min>5</min>
		  <max>10</max>
		</countRange>
	  </li>
	<!-- emp -->
	<li Class="StockGenerator_SingleDef">
		<thingDef>RemoteEmpBomb</thingDef>
		<countRange>
		  <min>1</min>
		  <max>4</max>
		</countRange>
	  </li>
    </stockGenerators>
  </RemoteExplosives.TraderStockInjectorDef>
  
  <RemoteExplosives.TraderStockInjectorDef>
    <defName>CombatSupplierCaravan_inject</defName>
    <traderDef>Caravan_Outlander_CombatSupplier</traderDef>
    <stockGenerators>
	<!-- combat -->
	<li Class="StockGenerator_SingleDef">
        <thingDef>RemoteBomb</thingDef>
        <countRange>
          <min>2</min>
          <max>5</max>
        </countRange>
      </li>
	<li Class="StockGenerator_SingleDef">
		<thingDef>RemoteFireBomb</thingDef>
		<countRange>
		  <min>1</min>
		  <max>4</max>
		</countRange>
	  </li>
	<!-- emp -->
	<li Class="StockGenerator_SingleDef">
		<thingDef>RemoteEmpBomb</thingDef>
		<price>Expensive</price>
		<countRange>
		  <min>1</min>
		  <max>1</max>
		</countRange>
	  </li>
    </stockGenerators>
  </RemoteExplosives.TraderStockInjectorDef>

  <RemoteExplosives.TraderStockInjectorDef>
    <defName>PirateMerchant_inject</defName>
    <traderDef>Orbital_Misc_PirateMerchant</traderDef>
    <stockGenerators>
	 <!-- combat, cheap -->
	 <li Class="StockGenerator_SingleDef">
        <thingDef>RemoteBomb</thingDef>
        <price>Cheap</price>
        <countRange>
          <min>0</min>
          <max>10</max>
        </countRange>
      </li>
	<li Class="StockGenerator_SingleDef">
		<thingDef>RemoteFireBomb</thingDef>
		<price>Cheap</price>
		<countRange>
		  <min>0</min>
		  <max>10</max>
		</countRange>
	  </li>
    </stockGenerators>
  </RemoteExplosives.TraderStockInjectorDef>

  <RemoteExplosives.TraderStockInjectorDef>
    <defName>PirateCaravan_inject</defName>
    <traderDef>Caravan_Outlander_PirateMerchant</traderDef>
    <stockGenerators>
	 <!-- combat, cheap -->
	 <li Class="StockGenerator_SingleDef">
        <thingDef>RemoteBomb</thingDef>
        <price>Cheap</price>
        <countRange>
          <min>0</min>
          <max>6</max>
        </countRange>
      </li>
	<li Class="StockGenerator_SingleDef">
		<thingDef>RemoteFireBomb</thingDef>
		<price>Cheap</price>
		<countRange>
		  <min>0</min>
		  <max>6</max>
		</countRange>
	  </li>
    </stockGenerators>
  </RemoteExplosives.TraderStockInjectorDef>
  
  <RemoteExplosives.TraderStockInjectorDef>
    <defName>Exotic_inject</defName>
    <traderDef>Orbital_Misc_Exotic</traderDef>
    <stockGenerators>
		<li Class="StockGenerator_SingleDef">
			<thingDef>RemoteChemicalCan</thingDef>
			<countRange>
			  <min>4</min>
			  <max>12</max>
			</countRange>
		</li>
    </stockGenerators>
  </RemoteExplosives.TraderStockInjectorDef>
</DefPackage-RemoteExplosives.TraderStockInjectorDef>