<?xml version="1.0" encoding="utf-8" ?>
<ThingDefs>
  
  <ThingDef Name="MiningExplosiveBase" Abstract="True">
	<category>Building</category>
    <soundImpactDefault>BulletImpactGround</soundImpactDefault>
    <selectable>true</selectable>
    <drawerType>MapMeshAndRealTime</drawerType>
    <terrainAffordanceNeeded>Light</terrainAffordanceNeeded>
    <repairEffect>Repair</repairEffect>
    <leaveResourcesWhenKilled>false</leaveResourcesWhenKilled>
    <filthLeaving>BuildingRubble</filthLeaving>
    <altitudeLayer>Waist</altitudeLayer>
    <rotatable>false</rotatable>
    <tickerType>Normal</tickerType>
    <statBases>
      <MaxHitPoints>60</MaxHitPoints>
      <WorkToMake>150</WorkToMake>
      <Beauty>-4</Beauty>
    </statBases>
    <designationCategory>Misc</designationCategory>
  </ThingDef>
  
  <ThingDef ParentName="MiningExplosiveBase">
    <defName>MiningChargeChunks</defName>
	<thingClass>RemoteExplosives.Building_MiningExplosive</thingClass>
    <label>Fracturing explosive</label>
    <graphicData>
      <texPath>rock_explosive</texPath>
      <graphicClass>Graphic_Single</graphicClass>
    </graphicData>
    <description>A remote mining explosive that creates a lot of rock chunks.
Requires a part crafted at the Machining Bench.
Detonate from the Remote Explosives Console.</description>
    <costList>
      <MiningExplosiveComponent>1</MiningExplosiveComponent>
    </costList>
    <researchPrerequisites><li>RemoteDetonator</li></researchPrerequisites>
	<specialDisplayRadius>3.5</specialDisplayRadius>
	<comps>
      <li Class="RemoteExplosives.CompMiningExplosiveProperties">
        <compClass>RemoteExplosives.CompMiningExplosive</compClass>
		<rockChunkChance>0.75</rockChunkChance>
		<miningRadius>3.5</miningRadius>
		<resourceBreakingEfficiency>.75</resourceBreakingEfficiency>
        <explosiveRadius>3.5</explosiveRadius>
        <explosiveDamageType>Bomb</explosiveDamageType>
        <startWickHitPointsPercent>0.2</startWickHitPointsPercent>
        <wickTicks>
          <min>150</min>
          <max>150</max>
        </wickTicks>
      </li>
    </comps>
  </ThingDef>
  
  <ThingDef ParentName="MiningExplosiveBase">
    <defName>MiningChargeClearing</defName>
	<thingClass>RemoteExplosives.Building_MiningExplosiveSquare</thingClass>
    <label>Clearing explosive</label>
    <graphicData>
      <texPath>clear_explosive</texPath>
      <graphicClass>Graphic_Single</graphicClass>
    </graphicData>
    <description>A remote mining explosive that can clear a room-sized area without creating much rubble.
Requires a part crafted at the Machining Bench.
Detonate from the Remote Explosives Console.</description>
    <costList>
      <MiningExplosiveComponent>1</MiningExplosiveComponent>
    </costList>
    <researchPrerequisites><li>RemoteDetonator</li></researchPrerequisites>
	<comps>
      <li Class="RemoteExplosives.CompMiningExplosiveProperties">
        <compClass>RemoteExplosives.CompMiningExplosive</compClass>
		<rockChunkChance>0.05</rockChunkChance>
		<miningRadius>4</miningRadius>
		<resourceBreakingEfficiency>.75</resourceBreakingEfficiency>
        <explosiveRadius>3.9</explosiveRadius>
        <explosiveDamageType>Bomb</explosiveDamageType>
        <startWickHitPointsPercent>0.2</startWickHitPointsPercent>
        <wickTicks>
          <min>150</min>
          <max>150</max>
        </wickTicks>
      </li>
    </comps>
	<placeWorkers>
		<li>RemoteExplosives.PlaceWorker_MiningExplosiveSquare</li>
	</placeWorkers>
  </ThingDef>
  
</ThingDefs>