﻿<?xml version="1.0" encoding="utf-8" ?>

<KeyBindingDefs>
  
  <KeyBindingDef Name="RemoteExplosivesKeys" Abstract="true">
    <category>SelectionSpecial</category>
  </KeyBindingDef>

  <KeyBindingDef ParentName="RemoteExplosivesKeys">
    <defName>RemoteTableDetonate</defName>
    <label>Remote Detonator Detonate</label>
    <defaultKeyCodeA>X</defaultKeyCodeA>
  </KeyBindingDef>

  <KeyBindingDef ParentName="RemoteExplosivesKeys">
    <defName>RemoteExplosiveArm</defName>
    <label>Remote Explosive Arm</label>
    <defaultKeyCodeA>Z</defaultKeyCodeA>
  </KeyBindingDef>

</KeyBindingDefs>
