﻿<?xml version="1.0" encoding="utf-8" ?>
<ResearchProjectDefs>

  <ResearchProjectDef>
    <defName>RemoteDetonator</defName>
    <label>Remote Detonator</label>
    <description>Allows you to build a console that detonates remote explosives.
Comes with two types of remote mining charges.
Research Explosive IEDs or Incendiary IEDs to deploy combat-grade remote explosives.</description>
    <totalCost>1300</totalCost>
    <prerequisites></prerequisites>
  </ResearchProjectDef>
  
  <ResearchProjectDef>
    <defName>RemoteEmpMine</defName>
    <label>Remote EMP Charge</label>
    <description>Allows the deployment of EMP charges that can be triggered with a remote detonator.
	While expensive, they can be devastating against mechanoids.</description>
    <totalCost>1500</totalCost>
    <prerequisites>
		<li>RemoteDetonator</li>
	</prerequisites>
  </ResearchProjectDef>
  
</ResearchProjectDefs>