﻿<?xml version="1.0" encoding="utf-8" ?>
<RecipeDefs>
	
	<RecipeDef>
		<defName>MakeRemoteBomb</defName>
		<label>make remote explosive</label>
		<description>Craft a deployable remote explosive.</description>
		<jobString>Making deployable remote explosive.</jobString>
		<recipeUsers>
			<li>RemoteExplosivesBench</li>
		</recipeUsers>
		<researchPrerequisite>IEDBomb</researchPrerequisite>
		<workSpeedStat>SmithingSpeed</workSpeedStat>
		<effectWorking>Cook</effectWorking>
		<soundWorking>Recipe_Machining</soundWorking>
		<allowMixingIngredients>true</allowMixingIngredients>
		<workAmount>1000</workAmount>
		<targetCountAdjustment>5</targetCountAdjustment>
		<ingredients>
			<li>
				<filter>
					<thingDefs>
						<li>ArtilleryShell</li>
					</thingDefs>
				</filter>
				<count>1</count>
			</li>
			<li>
				<filter>
					<thingDefs>
						<li>Component</li>
					</thingDefs>
				</filter>
				<count>1</count>
			</li>
			<li>
				<filter>
					<thingDefs>
						<li>Silver</li>
					</thingDefs>
				</filter>
				<count>2</count>
			</li>
		</ingredients>
		<fixedIngredientFilter>
			<thingDefs>
				<li>ArtilleryShell</li>
				<li>Component</li>
				<li>Silver</li>
			</thingDefs>
		</fixedIngredientFilter>
		<products>
			<RemoteBomb>1</RemoteBomb>
		</products>
		<workSkill>Crafting</workSkill>
	</RecipeDef>
	
	
	<RecipeDef>
		<defName>MakeRemoteFireBomb</defName>
		<label>make incendiary remote explosive</label>
		<description>Craft a deployable incendiary remote explosive.</description>
		<jobString>Making deployable incendiary remote explosive.</jobString>
		<recipeUsers>
			<li>RemoteExplosivesBench</li>
		</recipeUsers>
		<researchPrerequisite>IEDIncendiary</researchPrerequisite>
		<workSpeedStat>SmithingSpeed</workSpeedStat>
		<effectWorking>Cook</effectWorking>
		<soundWorking>Recipe_Machining</soundWorking>
		<allowMixingIngredients>true</allowMixingIngredients>
		<workAmount>1000</workAmount>
		<targetCountAdjustment>5</targetCountAdjustment>
		<ingredients>
			<li>
				<filter>
					<thingDefs>
						<li>ArtilleryShell</li>
					</thingDefs>
				</filter>
				<count>1</count>
			</li>
			<li>
				<filter>
					<thingDefs>
						<li>Component</li>
					</thingDefs>
				</filter>
				<count>1</count>
			</li>
			<li>
				<filter>
					<thingDefs>
						<li>Silver</li>
					</thingDefs>
				</filter>
				<count>2</count>
			</li>
		</ingredients>
		<fixedIngredientFilter>
			<thingDefs>
				<li>ArtilleryShell</li>
				<li>Component</li>
				<li>Silver</li>
			</thingDefs>
		</fixedIngredientFilter>
		<products>
			<RemoteFireBomb>1</RemoteFireBomb>
		</products>
		<workSkill>Crafting</workSkill>
	</RecipeDef>
	
	<RecipeDef>
		<defName>MakeRemoteEmpBomb</defName>
		<label>make remote EMP charge</label>
		<description>Craft a remote EMP charge.</description>
		<jobString>Making remote EMP charge.</jobString>
		<recipeUsers>
			<li>RemoteExplosivesBench</li>
		</recipeUsers>
		<researchPrerequisite>RemoteEmpMine</researchPrerequisite>
		<workSpeedStat>SmithingSpeed</workSpeedStat>
		<effectWorking>Cook</effectWorking>
		<soundWorking>Recipe_Machining</soundWorking>
		<allowMixingIngredients>true</allowMixingIngredients>
		<workAmount>1800</workAmount>
		<targetCountAdjustment>5</targetCountAdjustment>
		<ingredients>
			<li>
				<filter>
					<thingDefs>
						<li>Component</li>
					</thingDefs>
				</filter>
				<count>1</count>
			</li>
			<li>
				<filter>
					<thingDefs>
						<li>Silver</li>
					</thingDefs>
				</filter>
				<count>2</count>
			</li>
			<li>
				<filter>
					<thingDefs>
						<li>Gold</li>
					</thingDefs>
				</filter>
				<count>1</count>
			</li>
		</ingredients>
		<fixedIngredientFilter>
			<thingDefs>
				<li>Component</li>
				<li>Silver</li>
				<li>Gold</li>
			</thingDefs>
		</fixedIngredientFilter>
		<products>
			<RemoteEmpBomb>1</RemoteEmpBomb>
		</products>
		<workSkill>Crafting</workSkill>
	</RecipeDef>  
	
	<RecipeDef>
		<defName>MakeMiningExplosiveComponent</defName>
		<label>make mining explosive</label>
		<description>Craft a mining explosive.</description>
		<jobString>Making mining explosive.</jobString>
		<recipeUsers>
			<li>RemoteExplosivesBench</li>
		</recipeUsers>
		<researchPrerequisite>RemoteDetonator</researchPrerequisite>
		<workSpeedStat>SmithingSpeed</workSpeedStat>
		<effectWorking>Cook</effectWorking>
		<soundWorking>Recipe_Machining</soundWorking>
		<allowMixingIngredients>true</allowMixingIngredients>
		<workAmount>1000</workAmount>
		<targetCountAdjustment>5</targetCountAdjustment>
		<ingredients>
			<li>
				<filter>
					<thingDefs>
						<li>Component</li>
					</thingDefs>
				</filter>
				<count>1</count>
			</li>
			<li>
				<filter>
					<thingDefs>
						<li>Silver</li>
					</thingDefs>
				</filter>
				<count>2</count>
			</li>
		</ingredients>
		<fixedIngredientFilter>
			<thingDefs>
				<li>Component</li>
				<li>Silver</li>
			</thingDefs>
		</fixedIngredientFilter>
		<products>
			<MiningExplosiveComponent>1</MiningExplosiveComponent>
		</products>
		<workSkill>Crafting</workSkill>
	</RecipeDef>  
	
	<RecipeDef>
		<defName>MakeRemoteChemicalCan</defName>
		<label>make remote chemical canister</label>
		<description>Craft a remote chemical canister.</description>
		<jobString>Making remote chemical canister.</jobString>
		<recipeUsers>
			<li>RemoteExplosivesBench</li>
		</recipeUsers>
		<researchPrerequisite>RemoteChemicals</researchPrerequisite>
		<workSpeedStat>SmithingSpeed</workSpeedStat>
		<effectWorking>Cook</effectWorking>
		<soundWorking>Recipe_Machining</soundWorking>
		<allowMixingIngredients>true</allowMixingIngredients>
		<workAmount>1400</workAmount>
		<targetCountAdjustment>5</targetCountAdjustment>
		<ingredients>
			<li>
				<filter>
					<thingDefs>
						<li>Component</li>
					</thingDefs>
				</filter>
				<count>1</count>
			</li>
			<li>
				<filter>
					<thingDefs>
						<li>Silver</li>
					</thingDefs>
				</filter>
				<count>6</count>
			</li>
			<li>
				<filter>
					<thingDefs>
						<li>HerbalMedicine</li>
					</thingDefs>
				</filter>
				<count>2</count>
			</li>
		</ingredients>
		<fixedIngredientFilter>
			<thingDefs>
				<li>Component</li>
				<li>Silver</li>
				<li>HerbalMedicine</li>
			</thingDefs>
		</fixedIngredientFilter>
		<products>
			<RemoteChemicalCan>1</RemoteChemicalCan>
		</products>
		<workSkill>Crafting</workSkill>
	</RecipeDef>
	
	<RecipeDef>
		<defName>ExtractGoldFromSlag</defName>
		<label>extract gold from slag</label>
		<description>Use heat and strong electromagnets to separate useful metal from slag chunks.</description>
		<jobString>Smelting gold from slag.</jobString>
		<workAmount>2000</workAmount>
		<workSpeedStat>SmeltingSpeed</workSpeedStat>
		<effectWorking>Smelt</effectWorking>
		<soundWorking>Recipe_Smelt</soundWorking>
		<ingredients>
			<li>
				<filter>
					<thingDefs>
						<li>ChunkSlagGold</li>
					</thingDefs>
				</filter>
				<count>1</count>
			</li>
		</ingredients>
		<products>
			<Steel>20</Steel>
			<Gold>10</Gold>
		</products>
		<fixedIngredientFilter>
			<thingDefs>
				<li>ChunkSlagGold</li>
			</thingDefs>
		</fixedIngredientFilter>
		<recipeUsers>
			<li>ElectricSmelter</li>
		</recipeUsers>
	</RecipeDef>
</RecipeDefs>