﻿<?xml version="1.0" encoding="utf-8" ?>
<ThingDefs>
	
	<ThingDef Name="BuildingBase" Abstract="True">
		<category>Building</category>
		<soundImpactDefault>BulletImpactMetal</soundImpactDefault>
		<selectable>true</selectable>
		<drawerType>MapMeshAndRealTime</drawerType>
		<terrainAffordanceNeeded>Light</terrainAffordanceNeeded>
		<repairEffect>Repair</repairEffect>
		<leaveResourcesWhenKilled>false</leaveResourcesWhenKilled>
		<filthLeaving>BuildingRubble</filthLeaving>
		<designationCategory>RemoteExplosives</designationCategory>
	</ThingDef>
	
	<ThingDef Name="RemoteExplosiveBase" ParentName="BuildingBase" Abstract="True">
		<thingClass>RemoteExplosives.Building_RemoteExplosive</thingClass>
		<altitudeLayer>Building</altitudeLayer>
		<drawerType>RealtimeOnly</drawerType>
		<rotatable>false</rotatable>
		<tickerType>Normal</tickerType>
		<statBases>
			<MaxHitPoints>60</MaxHitPoints>
			<WorkToMake>150</WorkToMake>
			<Beauty>-4</Beauty>
		</statBases>
	</ThingDef>
	
	<ThingDef Name="MiningExplosiveBase" ParentName="BuildingBase" Abstract="True">
		<altitudeLayer>Building</altitudeLayer>
		<rotatable>false</rotatable>
		<tickerType>Normal</tickerType>
		<statBases>
			<MaxHitPoints>60</MaxHitPoints>
			<WorkToMake>150</WorkToMake>
			<Beauty>-4</Beauty>
		</statBases>
	</ThingDef>
	
	<ThingDef ParentName="BuildingBase">
		<DefName>TableDetonator</DefName>
		<label>remote detonator</label>
		<ThingClass>RemoteExplosives.Building_DetonatorTable</ThingClass>
		<Description>A transmitter to detonate armed explosives in range.</Description>
		<graphicData>
			<texPath>detonator_table</texPath>
			<graphicClass>Graphic_Single</graphicClass>
			<shaderType>CutoutComplex</shaderType>
			<drawSize>(2,1)</drawSize>
		</graphicData>
		<castEdgeShadows>true</castEdgeShadows>
		<staticSunShadowHeight>0.10</staticSunShadowHeight>
		<CostList>
			<Component>2</Component>
			<Steel>20</Steel>
			<Silver>10</Silver>
		</CostList>
		<AltitudeLayer>Building</AltitudeLayer>
		<fillPercent>0.5</fillPercent>
		<useHitPoints>True</useHitPoints>
		<statBases>
			<WorkToMake>2500</WorkToMake>
			<MaxHitPoints>180</MaxHitPoints>
			<Flammability>1.0</Flammability>
			<Beauty>3</Beauty>
		</statBases>
		<Size>(2,1)</Size>
		<constructEffect>ConstructMetal</constructEffect>
		<Passability>PassThroughOnly</Passability>
		<pathCost>60</pathCost>
		<hasInteractionCell>True</hasInteractionCell>
		<interactionCellOffset>(1,0,-1)</interactionCellOffset>
		<surfaceType>Item</surfaceType>
		<specialDisplayRadius>35</specialDisplayRadius>
		<minifiedDef>MinifiedFurniture</minifiedDef>
		<tickerType>Normal</tickerType>
		<comps>
			<li Class="CompProperties_Power">
				<compClass>CompPowerTrader</compClass>
				<startElectricalFires>false</startElectricalFires>
				<basePowerConsumption>200</basePowerConsumption>
			</li>
			<li Class="CompProperties_Flickable"/>
			<li Class="CompProperties_Breakdownable"/>
		</comps>
		<researchPrerequisites><li>RemoteDetonator</li></researchPrerequisites>
	</ThingDef>
	
	<ThingDef ParentName="BuildingBase">
		<DefName>RemoteExplosivesBench</DefName>
		<label>explosives workshop</label>
		<ThingClass>Building_WorkTable</ThingClass>
		<Description>An electric-powered station equipped for crafting remotely detonated explosives.
Research different types of remote explosives to unlock available recipes.</Description>
		<graphicData>
			<texPath>explosives_crafting_bench</texPath>
			<graphicClass>Graphic_Single</graphicClass>
			<shaderType>CutoutComplex</shaderType>
			<drawSize>(3,1)</drawSize>
			<damageData>
				<cornerTR>Damage/Corner</cornerTR>
				<cornerBL>Damage/Corner</cornerBL>
			</damageData>
		</graphicData>
		<castEdgeShadows>true</castEdgeShadows>
		<staticSunShadowHeight>0.15</staticSunShadowHeight>
		<CostList>
			<Steel>65</Steel>
			<Silver>200</Silver>
			<Component>3</Component>
		</CostList>
		<constructEffect>ConstructMetal</constructEffect>
		<AltitudeLayer>Building</AltitudeLayer>
		<fillPercent>0.5</fillPercent>
		<useHitPoints>True</useHitPoints>
		<statBases>
			<WorkToMake>2500</WorkToMake>
			<MaxHitPoints>150</MaxHitPoints>
			<Flammability>1.0</Flammability>
			<Cleanliness>-3</Cleanliness>
		</statBases>
		<Size>(3,1)</Size>
		<terrainAffordanceNeeded>Heavy</terrainAffordanceNeeded>
		<Passability>PassThroughOnly</Passability>
		<pathCost>70</pathCost>
		<hasInteractionCell>True</hasInteractionCell>
		<interactionCellOffset>(0,0,-1)</interactionCellOffset>
		<surfaceType>Item</surfaceType>
		<minifiedDef>MinifiedFurniture</minifiedDef>
		<inspectorTabs>
			<li>RemoteExplosives.ITab_ExplosivesBills</li>
		</inspectorTabs>
		<building>
			<spawnedConceptLearnOpportunity>BillsTab</spawnedConceptLearnOpportunity>
		</building>
		<comps>
			<li Class="CompProperties_Power">
				<compClass>CompPowerTrader</compClass>
				<startElectricalFires>true</startElectricalFires>
				<basePowerConsumption>180</basePowerConsumption>
			</li>
			<li Class="CompProperties_Flickable"/>
			<li Class="CompProperties_AffectedByFacilities">
				<linkableFacilities>
					<li>ToolCabinet</li>
				</linkableFacilities>
			</li>
		</comps>
		<placeWorkers>
			<li>PlaceWorker_ShowFacilitiesConnections</li>
		</placeWorkers>
		<researchPrerequisites><li>RemoteDetonator</li></researchPrerequisites>
	</ThingDef>
	
	<!-- Combat explosives -->
	
	<ThingDef ParentName="RemoteExplosiveBase">
		<defName>TrapRemoteBomb</defName>
		<label>remote explosive charge</label>
		<graphicData>
			<texPath>remote_mine</texPath>
			<graphicClass>Graphic_Single</graphicClass>
		</graphicData>
		<description>An explosive canister with a radio trigger.
Craft at the Explosives Workshop.
Arm, then detonate from the Remote Explosives Console.</description>
		<costList>
			<RemoteBomb>1</RemoteBomb>
		</costList>
		<comps>
			<li Class="CompProperties_Explosive">
				<compClass>RemoteExplosives.CompCustomExplosive</compClass>
				<explosiveRadius>2.9</explosiveRadius>
				<explosiveDamageType>Bomb</explosiveDamageType>
				<startWickHitPointsPercent>0.2</startWickHitPointsPercent>
				<wickTicks>
					<min>40</min>
					<max>40</max>
				</wickTicks>
			</li>
		</comps>
		<building Class="RemoteExplosives.BuildingProperties_RemoteExplosive">
			<startsArmed>false</startsArmed>
		</building>
	</ThingDef>
	
	<ThingDef ParentName="RemoteExplosiveBase">
		<defName>TrapRemoteIncendiary</defName>
		<label>remote incendiary charge</label>
		<graphicData>
			<texPath>remote_mine_incendiary</texPath>
			<graphicClass>Graphic_Single</graphicClass>
		</graphicData>
		<description>A canister filled with flammable chemicals with a radio trigger.
Craft at the Explosives Workshop.
Arm, then detonate from the Remote Explosives Console.</description>
		<costList>
			<RemoteFireBomb>1</RemoteFireBomb>
		</costList>
		<comps>
			<li Class="CompProperties_Explosive">
				<compClass>RemoteExplosives.CompCustomExplosive</compClass>
				<explosiveRadius>2.9</explosiveRadius>
				<explosiveDamageType>Flame</explosiveDamageType>
				<startWickHitPointsPercent>0.2</startWickHitPointsPercent>
				<wickTicks>
					<min>40</min>
					<max>40</max>
				</wickTicks>
			</li>
		</comps>
		<building Class="RemoteExplosives.BuildingProperties_RemoteExplosive">
			<startsArmed>false</startsArmed>
		</building>
	</ThingDef>
	
	<ThingDef ParentName="RemoteExplosiveBase">
		<defName>TrapRemoteEmp</defName>
		<label>remote EMP charge</label>
		<thingClass>RemoteExplosives.Building_RemoteExplosiveEmp</thingClass>
		<graphicData>
			<texPath>mine_emp</texPath>
			<graphicClass>Graphic_Single</graphicClass>
		</graphicData>
		<description>A single-use electromagnetic pulse generator.
Very powerful against mechanoids.
Craft at the Explosives Workshop.
Arm, then detonate from the Remote Explosives Console.</description>
		<costList>
			<RemoteEmpBomb>1</RemoteEmpBomb>
		</costList>
		<killedLeavings>
			<ChunkSlagGold>1</ChunkSlagGold>
		</killedLeavings>
		<comps>
			<li Class="CompProperties_Explosive">
				<compClass>RemoteExplosives.CompCustomExplosive</compClass>
				<explosiveRadius>6.5</explosiveRadius>
				<explosiveDamageType>EMP</explosiveDamageType>
				<!-- will never be triggered by damage -->
				<startWickHitPointsPercent>0</startWickHitPointsPercent>
				<wickTicks>
					<min>50</min>
					<max>50</max>
				</wickTicks>
			</li>
		</comps>
		<building Class="RemoteExplosives.BuildingProperties_RemoteExplosive">
			<startsArmed>false</startsArmed>
		</building>
	</ThingDef>
	
	<!-- Mining explosives -->
	
	<ThingDef ParentName="MiningExplosiveBase">
		<defName>MiningChargeChunks</defName>
		<thingClass>RemoteExplosives.Building_MiningExplosive</thingClass>
		<label>fracturing explosive</label>
		<graphicData>
			<texPath>rock_explosive</texPath>
			<graphicClass>Graphic_Single</graphicClass>
		</graphicData>
		<description>A remote mining explosive that creates a lot of rock chunks.
Requires a part crafted at the Explosives Workshop.
Detonate from the Remote Explosives Console.</description>
		<costList>
			<MiningExplosiveComponent>1</MiningExplosiveComponent>
		</costList>
		<specialDisplayRadius>3.5</specialDisplayRadius>
		<comps>
			<li Class="RemoteExplosives.CompProperties_MiningExplosive">
				<compClass>RemoteExplosives.CompMiningExplosive</compClass>
				<rockChunkChance>0.75</rockChunkChance>
				<miningRadius>3.5</miningRadius>
				<resourceBreakingEfficiency>.75</resourceBreakingEfficiency>
				<explosiveRadius>3.5</explosiveRadius>
				<explosiveDamageType>Bomb</explosiveDamageType>
				<startWickHitPointsPercent>0.2</startWickHitPointsPercent>
				<wickTicks>
					<min>150</min>
					<max>150</max>
				</wickTicks>
			</li>
		</comps>
		<building Class="RemoteExplosives.BuildingProperties_RemoteExplosive">
			<startsArmed>true</startsArmed>
		</building>
	</ThingDef>
	
	<ThingDef ParentName="MiningExplosiveBase">
		<defName>MiningChargeClearing</defName>
		<thingClass>RemoteExplosives.Building_MiningExplosiveSquare</thingClass>
		<label>clearing explosive</label>
		<graphicData>
			<texPath>clear_explosive</texPath>
			<graphicClass>Graphic_Single</graphicClass>
		</graphicData>
		<description>A remote mining explosive that can clear a room-sized area without creating much rubble.
Requires a part crafted at the Explosives Workshop.
Detonate from the Remote Explosives Console.</description>
		<costList>
			<MiningExplosiveComponent>1</MiningExplosiveComponent>
		</costList>
		<comps>
			<li Class="RemoteExplosives.CompProperties_MiningExplosive">
				<compClass>RemoteExplosives.CompMiningExplosive</compClass>
				<rockChunkChance>0.05</rockChunkChance>
				<miningRadius>4</miningRadius>
				<resourceBreakingEfficiency>.75</resourceBreakingEfficiency>
				<explosiveRadius>3.9</explosiveRadius>
				<explosiveDamageType>Bomb</explosiveDamageType>
				<startWickHitPointsPercent>0.2</startWickHitPointsPercent>
				<wickTicks>
					<min>150</min>
					<max>150</max>
				</wickTicks>
			</li>
		</comps>
		<building Class="RemoteExplosives.BuildingProperties_RemoteExplosive">
			<startsArmed>true</startsArmed>
		</building>
		<placeWorkers>
			<li>RemoteExplosives.PlaceWorker_MiningExplosiveSquare</li>
		</placeWorkers>
	</ThingDef>
	
	<!-- chemical explosives -->
	
	<ThingDef ParentName="RemoteExplosiveBase">
		<defName>RemoteCanFoam</defName>
		<label>sealing foam can</label>
		<thingClass>RemoteExplosives.Building_RemoteExplosive</thingClass>
		<graphicData>
			<texPath>canister_foam</texPath>
			<graphicClass>Graphic_Single</graphicClass>
		</graphicData>
		<description>A remotely triggered canister that releases a rapidly hardening foam. 
Craft at the Explosives Workshop.
Arm, then detonate from the Remote Explosives Console.</description>
		<costList>
			<RemoteChemicalCan>1</RemoteChemicalCan>
		</costList>
		<comps>
			<li Class="RemoteExplosives.CompProperties_ChemicalExplosive">
				<compClass>RemoteExplosives.CompChemicalExplosive</compClass>
				<wickTicks>
					<min>50</min>
					<max>50</max>
				</wickTicks>
				<startWickHitPointsPercent>.2</startWickHitPointsPercent>
				<breakSound>RemoteGlassBreak</breakSound>
				<spawnThingDef>WallFoamBlob</spawnThingDef>
				<numFoamBlobs>5</numFoamBlobs>
			</li>
		</comps>
		<building Class="RemoteExplosives.BuildingProperties_RemoteExplosive">
			<startsArmed>false</startsArmed>
		</building>
	</ThingDef>
	
	<ThingDef ParentName="RemoteExplosiveBase">
		<defName>RemoteCanSleepGas</defName>
		<label>sleeping gas can</label>
		<thingClass>RemoteExplosives.Building_RemoteExplosive</thingClass>
		<graphicData>
			<texPath>canister_gas</texPath>
			<graphicClass>Graphic_Single</graphicClass>
		</graphicData>
		<description>A remotely triggered canister filled with sleeping gas. 
Craft at the Explosives Workshop.
Arm, then detonate from the Remote Explosives Console.</description>
		<costList>
			<RemoteChemicalCan>1</RemoteChemicalCan>
		</costList>
		<comps>
			<li Class="RemoteExplosives.CompProperties_ChemicalExplosive">
				<compClass>RemoteExplosives.CompChemicalExplosive</compClass>
				<wickTicks>
					<min>50</min>
					<max>50</max>
				</wickTicks>
				<startWickHitPointsPercent>.2</startWickHitPointsPercent>
				<breakSound>RemoteGlassBreak</breakSound>
				<spawnThingDef>Gas_Sleeping</spawnThingDef>
				<gasConcentration>80000</gasConcentration>
			</li>
		</comps>
		<building Class="RemoteExplosives.BuildingProperties_RemoteExplosive">
			<startsArmed>false</startsArmed>
		</building>
	</ThingDef>
</ThingDefs>