﻿<?xml version="1.0" encoding="utf-8" ?>
<Defs>
	
	<ThingDef Name="ChunkBase" Abstract="True">
		<category>Item</category>
		<thingClass>Thing</thingClass>
		<altitudeLayer>Item</altitudeLayer>
		<passability>PassThroughOnly</passability>
		<fillPercent>0.4</fillPercent>
		<statBases>
			<MaxHitPoints>300</MaxHitPoints>
			<Flammability>0</Flammability>
			<Beauty>-10</Beauty>
			<Cleanliness>-2</Cleanliness>
		</statBases>
		<selectable>true</selectable>
		<pathCost>55</pathCost>
		<drawerType>MapMeshOnly</drawerType>
		<randomizeRotationOnSpawn>true</randomizeRotationOnSpawn>
		<designateHaulable>true</designateHaulable>
		<stackLimit>1</stackLimit>
		<tradeability>Never</tradeability>
	</ThingDef>
	
	<ThingDef ParentName="ChunkBase">
		<defName>ChunkSlagGold</defName>
		<label>gold slag chunk</label>
		<description>A chunk of gold and steel melted together. A smelter might be able to separate them for reuse.</description>
		<graphicData>
			<texPath>gold_slag</texPath>
			<graphicClass>Graphic_Single</graphicClass>
		</graphicData>
		<soundDrop>ChunkSlag_Drop</soundDrop>
		<thingCategories>
			<li>Chunks</li>
		</thingCategories>
		<smeltProducts>
			<Steel>20</Steel>
			<Gold>10</Gold>
		</smeltProducts>
	</ThingDef>
	
	
</Defs>